Name,Type,Start Time,Elapsed Time,Start Direction,End Direction
0,True,0,17.199999999999974,North,East
1,True,0,20.200000000000017,South,North
2,True,0.2,25.10000000000009,West,South
3,True,0.8999999999999999,27.400000000000134,East,West
5,False,11.099999999999977,19.200000000000184,West,East
4,True,10.19999999999998,23.10000000000022,North,South
6,False,13.799999999999967,23.50000000000029,South,East
7,True,16.599999999999966,23.700000000000337,East,West
8,True,20.600000000000023,22.700000000000323,North,South
9,False,24.300000000000075,21.0000000000003,South,North
10,False,25.100000000000087,22.200000000000315,West,East
11,True,27.800000000000125,24.60000000000035,East,South
12,True,34.40000000000022,21.0000000000003,North,South
13,True,35.20000000000023,23.20000000000033,West,East
14,True,35.600000000000236,27.900000000000396,South,West
15,True,41.30000000000032,25.20000000000018,East,West
16,False,45.400000000000375,23.10000000000001,West,East
18,False,47.0000000000004,23.499999999999872,North,South
17,True,46.800000000000395,26.699999999999704,South,North
19,False,57.400000000000546,18.09999999999944,East,West
20,True,59.20000000000057,19.299999999999244,South,North
21,True,60.50000000000059,20.999999999999055,West,East
22,False,61.70000000000061,21.799999999998924,North,South
23,True,67.90000000000042,20.699999999998823,East,South
24,False,69.70000000000032,22.8999999999987,South,East
26,False,73.00000000000013,21.599999999998772,West,East
25,True,72.10000000000018,27.59999999999843,North,East
27,False,79.79999999999974,21.899999999998755,South,North
28,False,83.39999999999954,20.299999999998846,West,East
29,False,83.69999999999952,23.999999999998636,North,West
30,False,86.89999999999934,22.799999999998704,East,West
31,False,90.89999999999911,20.799999999998818,South,North
32,False,94.09999999999893,19.599999999998886,North,South
33,False,96.79999999999878,18.899999999998926,West,East
34,False,98.99999999999865,20.699999999998823,East,North
35,True,102.19999999999847,20.499999999998835,South,North
36,True,108.99999999999808,16.69999999999905,West,East
37,False,109.99999999999802,19.699999999998894,East,North
38,True,111.29999999999795,23.49999999999868,North,East
39,False,114.39999999999777,22.39999999999874,South,North
40,False,121.29999999999738,17.49999999999902,West,East
41,True,122.7999999999973,18.999999999998934,North,South
43,False,124.4999999999972,19.299999999998917,South,North
42,True,124.19999999999722,22.59999999999873,East,West
44,True,132.79999999999674,16.999999999999034,West,East
45,True,134.09999999999667,18.699999999998937,North,South
46,True,136.59999999999653,19.19999999999891,East,West
47,True,138.8999999999964,21.99999999999875,South,East
48,False,144.1999999999961,18.699999999998937,North,South
49,False,147.29999999999592,17.599999999999,West,East
50,False,147.89999999999588,18.99999999999892,East,West
51,True,149.2999999999958,20.59999999999883,South,North
52,False,155.29999999999546,16.599999999999056,North,South
54,False,159.09999999999525,14.799999999999159,East,West
53,True,158.1999999999953,18.699999999998937,West,East
55,False,161.6999999999951,17.199999999999022,South,North
56,False,167.49999999999477,15.399999999999125,North,East
57,False,170.3999999999946,16.499999999999062,West,South
58,False,170.79999999999458,18.09999999999897,East,West
59,True,173.49999999999443,18.399999999998954,South,North
60,False,181.099999999994,13.19999999999925,East,West
61,False,181.099999999994,15.199999999999136,West,East
62,False,181.49999999999397,16.799999999999045,North,South
63,False,185.59999999999374,14.699999999999164,South,North
64,False,191.19999999999342,15.199999999999136,East,South
65,False,193.79999999999328,16.599999999999056,North,West
66,False,196.29999999999313,16.099999999999085,South,North
67,True,196.7999999999931,18.599999999998943,West,East
68,False,204.29999999999268,13.19999999999925,North,South
69,True,204.69999999999266,17.899999999998983,East,North
70,False,206.69999999999254,17.899999999998983,South,North
71,False,209.3999999999924,17.199999999999022,West,East
72,True,215.49999999999204,17.199999999999022,North,East
73,True,217.59999999999192,18.09999999999897,South,North
74,True,219.8999999999918,18.79999999999893,East,West
75,True,220.59999999999175,23.19999999999868,West,North
76,False,226.09999999999144,21.699999999998766,North,West
77,False,232.0999999999911,17.699999999998994,West,East
78,False,232.69999999999106,21.0999999999988,East,North
79,True,234.09999999999098,24.799999999999386,South,West
80,True,237.4999999999908,24.40000000000026,North,South
81,False,243.69999999999044,22.200000000001523,East,North
82,False,243.69999999999044,26.200000000002433,West,North
83,True,247.09999999999025,25.80000000000331,South,North
84,True,251.89999999998997,24.000000000004263,North,South
85,True,254.29999999998984,26.70000000000556,East,North
86,True,256.3999999999898,27.600000000006276,West,East
87,False,261.89999999999105,24.10000000000548,South,North
88,True,264.6999999999917,26.400000000006003,East,South
89,False,266.3999999999921,26.70000000000607,North,South
90,True,270.9999999999931,27.200000000006185,West,North
91,True,271.99999999999335,31.300000000007117,South,East
92,False,275.49999999999415,29.800000000006776,East,West
93,False,278.3999999999948,28.90000000000657,North,South
94,True,282.09999999999565,30.30000000000689,West,North
96,False,286.89999999999674,29.500000000006708,South,West
95,False,286.2999999999966,32.1000000000073,East,West
97,True,289.99999999999744,31.40000000000714,North,South
99,True,296.799999999999,29.700000000006753,West,North
100,True,296.99999999999903,34.60000000000787,South,West
98,False,296.59999999999894,37.00000000000841,East,West
101,False,300.8999999999999,34.70000000000789,North,South
103,False,308.00000000000153,29.60000000000673,West,East
102,False,307.10000000000133,34.500000000007844,South,East
104,True,309.30000000000183,35.300000000008026,East,West
105,True,311.7000000000024,35.90000000000816,North,South
106,True,318.10000000000383,34.60000000000787,West,North
107,False,320.2000000000043,34.500000000007844,South,North
108,True,320.80000000000445,39.00000000000887,East,North
109,False,321.8000000000047,40.000000000009095,North,South
112,False,331.1000000000068,32.700000000007435,West,East
110,False,330.4000000000066,35.40000000000805,South,North
111,False,331.00000000000676,38.80000000000882,East,North
113,True,332.000000000007,42.900000000009754,North,West
116,True,343.1000000000095,36.90000000000839,West,North
114,False,341.8000000000092,40.20000000000914,South,North
115,True,341.90000000000924,43.1000000000098,East,West
117,False,343.20000000000954,45.800000000010414,North,East
119,True,355.0000000000122,39.10000000000889,West,North
118,False,352.2000000000116,45.90000000001044,South,East
121,False,355.60000000001236,44.50000000001012,East,West
120,True,355.10000000001224,48.000000000010914,North,South
125,True,369.1000000000154,37.00000000000841,West,East
122,True,362.4000000000139,48.800000000011096,South,East
124,False,367.50000000001506,45.70000000001039,East,West
123,False,366.9000000000149,48.30000000001098,North,South
128,False,379.5000000000178,37.70000000000857,West,East
126,True,372.9000000000163,47.300000000010755,South,North
129,True,381.60000000001827,41.60000000000946,East,West
127,False,377.3000000000173,47.90000000001089,North,South
132,False,391.20000000002045,36.000000000008185,West,East
130,True,384.60000000001895,47.700000000010846,South,East
134,True,396.40000000002163,38.900000000008845,East,West
131,True,388.10000000001975,50.200000000011414,North,South
136,True,402.300000000023,41.100000000009345,West,North
133,False,396.2000000000216,51.20000000001164,South,West
138,False,409.1000000000245,40.30000000000916,East,West
135,False,398.5000000000221,52.90000000001203,North,South
140,False,413.5000000000255,39.90000000000907,West,East
137,True,407.2000000000241,49.20000000001119,South,North
142,True,419.70000000002693,39.70000000000903,East,West
139,True,410.7000000000249,51.700000000011755,North,South
144,True,425.8000000000283,39.600000000009004,West,East
141,True,418.10000000002657,50.30000000001144,South,North
146,True,431.5000000000296,39.90000000000907,East,West
143,True,424.10000000002793,50.30000000001144,North,South
148,True,440.00000000003155,39.50000000000898,West,North
145,True,428.900000000029,53.60000000001219,South,North
150,False,441.70000000003193,42.80000000000973,East,West
147,True,434.20000000003023,53.30000000001212,North,South
151,True,450.50000000003394,42.10000000000957,West,North
149,True,440.6000000000317,55.000000000012506,South,North
153,True,452.9000000000345,45.70000000001039,East,West
152,False,451.6000000000342,49.00000000001114,North,South
156,False,462.1000000000366,40.50000000000921,West,East
154,True,455.100000000035,50.50000000001148,South,North
157,False,464.70000000003716,42.900000000009754,East,West
155,True,461.7000000000365,48.90000000001112,North,South
158,True,472.60000000003896,41.000000000009265,West,East
159,False,473.2000000000391,42.400000000009584,South,North
161,True,475.60000000003964,43.00000000000972,East,West
160,True,474.40000000003937,47.200000000010675,North,South
164,True,488.2000000000425,36.40000000000822,West,East
165,False,488.40000000004255,38.20000000000863,South,North
163,True,486.9000000000422,44.80000000001013,East,South
162,True,485.30000000004185,49.400000000011175,North,South
167,True,498.4000000000448,41.400000000009356,West,North
169,False,499.40000000004505,42.400000000009584,South,North
166,False,497.4000000000446,46.40000000001049,East,West
168,False,498.50000000004485,47.3000000000107,North,South
172,False,511.70000000004785,38.100000000008606,West,North
173,True,512.1000000000479,40.700000000009254,South,North
171,False,510.00000000004746,44.80000000001013,East,West
170,False,509.10000000004726,47.70000000001079,North,South
177,True,524.6000000000507,35.200000000008004,West,East
175,False,522.3000000000502,39.50000000000898,South,North
176,True,522.7000000000503,42.10000000000957,East,West
174,False,519.8000000000496,47.00000000001069,North,South
180,True,535.4000000000532,34.40000000000782,West,East
179,False,532.9000000000526,38.900000000008845,South,North
181,True,539.200000000054,35.600000000008095,East,West
178,True,530.100000000052,49.80000000001132,North,East
184,False,547.4000000000559,34.500000000007844,West,East
183,True,545.8000000000555,41.20000000000937,South,West
185,True,552.5000000000571,37.50000000000853,East,West
182,True,541.7000000000546,53.40000000001214,North,East
187,False,563.1000000000595,34.00000000000773,West,East
189,True,565.7000000000601,34.40000000000782,South,North
188,True,563.5000000000596,39.600000000009004,East,West
186,False,554.5000000000575,50.600000000011505,North,South
191,True,574.5000000000621,33.60000000000764,West,East
192,False,576.9000000000626,33.20000000000755,South,North
193,False,577.7000000000628,34.40000000000782,East,West
190,False,566.9000000000603,47.20000000001073,North,South
195,True,584.6000000000644,32.50000000000739,West,East
196,True,587.7000000000651,32.40000000000737,South,North
198,False,591.5000000000659,30.600000000006958,East,West
194,True,577.8000000000628,47.300000000010755,North,South
199,True,596.100000000067,34.10000000000775,West,South
200,False,602.7000000000685,29.500000000006708,South,North
201,True,603.4000000000686,31.80000000000723,East,West
197,True,590.8000000000658,47.40000000001078,North,South
203,False,606.4000000000693,33.800000000007685,West,East
205,True,615.0000000000713,28.200000000006412,South,North
204,False,614.3000000000711,30.900000000007026,East,West
202,False,606.4000000000693,42.80000000000973,North,West
206,True,617.1000000000718,35.10000000000798,West,East
211,True,630.6000000000748,24.600000000005593,South,North
208,True,624.5000000000734,33.70000000000766,East,West
207,False,617.6000000000719,44.60000000001014,North,West
210,False,628.4000000000743,35.80000000000814,West,East
214,True,640.8000000000771,28.50000000000648,South,West
212,True,637.2000000000763,37.20000000000846,East,South
209,False,627.8000000000742,50.600000000011505,North,East
215,False,642.2000000000775,38.200000000008686,West,East
218,True,652.5000000000798,30.900000000007026,South,North
216,True,649.3000000000791,37.100000000008436,East,West
213,False,640.4000000000771,48.000000000010914,North,South
219,False,652.7000000000799,37.70000000000857,West,East
221,False,663.5000000000823,30.900000000007026,South,West
220,False,661.2000000000818,37.20000000000846,East,South
217,False,652.3000000000798,48.10000000001094,North,South
223,True,665.4000000000827,38.00000000000864,West,East
225,False,674.0000000000847,31.40000000000714,South,North
224,False,672.9000000000844,36.5000000000083,East,North
222,False,664.9000000000826,48.50000000001103,North,West
227,True,675.500000000085,40.9000000000093,West,East
231,True,688.0000000000879,31.40000000000714,South,North
228,False,683.2000000000868,40.20000000000914,East,North
226,True,675.100000000085,51.300000000011664,North,South
230,True,685.9000000000874,43.50000000000989,West,East
235,False,699.1000000000904,34.3000000000078,South,West
232,False,694.9000000000894,40.50000000000921,East,West
229,False,685.3000000000873,52.100000000011846,North,South
234,True,696.5000000000898,46.00000000001046,West,South
239,True,712.9000000000935,32.60000000000741,South,North
237,True,705.8000000000919,44.800000000010186,East,North
233,True,695.5000000000896,60.20000000001369,North,West
238,True,707.7000000000924,53.10000000001207,West,South
243,False,726.6000000000967,36.20000000000823,South,North
241,True,717.6000000000946,50.30000000001144,East,North
236,False,705.6000000000919,64.30000000001462,North,South
242,True,718.7000000000949,54.200000000012324,West,East
247,True,737.7000000000992,38.200000000008686,South,North
245,True,730.2000000000975,50.80000000001155,East,North
240,False,716.8000000000944,68.2000000000155,North,East
246,True,732.300000000098,55.700000000012665,West,East
251,True,747.8000000001015,43.20000000000982,South,North
249,True,741.4000000001,54.70000000001244,East,North
244,False,728.4000000000971,71.7000000000163,North,East
250,False,743.7000000001005,58.40000000001328,West,East
255,True,760.1000000001043,45.00000000001023,South,North
253,False,752.9000000001026,56.20000000001278,East,North
248,False,738.7000000000994,74.40000000001692,North,East
254,False,756.7000000001035,60.40000000001373,West,South
260,True,771.2000000001068,48.90000000001112,South,North
257,True,766.6000000001058,58.600000000013324,East,South
252,False,750.4000000001021,76.80000000001746,North,South
258,True,767.500000000106,64.80000000001473,West,North
263,False,781.6000000001092,52.70000000001198,South,North
262,True,780.0000000001088,57.30000000001303,East,West
256,True,761.0000000001045,81.40000000001851,North,East
261,False,777.9000000001083,68.50000000001558,West,North
267,True,793.4000000001118,56.00000000001273,South,North
266,False,790.7000000001112,60.7000000000138,East,West
259,True,771.1000000001068,83.30000000001894,North,South
265,True,788.7000000001108,70.8000000000161,West,North
272,False,807.0000000001149,54.50000000001239,South,North
270,False,801.4000000001137,62.10000000001412,East,West
264,False,783.0000000001095,84.50000000001921,North,West
269,False,799.2000000001132,72.30000000001644,West,South
276,True,821.2000000001182,53.30000000001212,South,North
274,True,812.2000000001161,65.30000000001485,East,West
268,True,793.900000000112,86.60000000001969,North,South
273,False,811.2000000001159,71.30000000001621,West,East
280,False,831.9000000001206,52.60000000001196,South,North
278,False,826.3000000001193,60.20000000001369,East,West
271,True,804.7000000001144,84.80000000001928,North,South
277,True,823.8000000001188,70.8000000000161,West,South
284,True,842.8000000001231,54.80000000001246,South,North
282,False,836.9000000001217,62.700000000014256,East,West
275,False,815.5000000001169,88.10000000002003,North,East
281,False,836.0000000001215,69.60000000001583,West,East
287,False,854.4000000001257,55.20000000001255,South,East
285,False,847.000000000124,64.60000000001469,East,West
279,True,829.10000000012,87.60000000001992,North,East
286,True,847.2000000001241,72.50000000001648,West,East
291,True,865.2000000001282,59.60000000001355,South,East
289,False,857.2000000001264,69.60000000001583,East,West
283,False,842.2000000001229,86.60000000001969,North,South
290,False,858.7000000001267,72.1000000000164,West,East
294,True,876.2000000001307,57.6000000000131,South,North
292,False,868.2000000001289,69.60000000001583,East,North
288,False,854.5000000001257,85.3000000000194,North,South
295,True,876.6000000001308,66.20000000001505,West,East
299,False,888.3000000001334,56.50000000001285,South,North
296,False,879.7000000001315,67.10000000001526,East,West
293,False,870.2000000001293,78.60000000001787,North,South
298,True,887.9000000001333,66.000000000015,West,North
303,False,900.9000000001363,55.000000000012506,South,North
300,False,891.5000000001342,66.4000000000151,East,West
297,True,882.9000000001322,78.00000000001774,North,South
302,False,898.4000000001357,64.50000000001467,West,East
307,False,911.4000000001387,53.500000000012164,South,North
304,True,902.9000000001367,65.00000000001478,East,West
301,True,893.6000000001346,77.30000000001758,North,South
306,True,910.5000000001385,63.400000000014415,West,East
309,True,922.2000000001411,54.70000000001244,South,North
308,False,913.1000000001391,65.80000000001496,East,West
305,False,906.3000000001375,74.60000000001696,North,South
311,False,923.0000000001413,59.90000000001362,West,East
313,False,932.5000000001435,52.400000000011914,South,North
312,False,924.0000000001415,64.90000000001476,East,North
310,True,922.5000000001412,69.40000000001578,North,South
315,True,934.3000000001439,60.60000000001378,West,East
317,False,943.600000000146,55.300000000012574,South,East
316,False,934.800000000144,68.10000000001548,East,South
314,True,933.6000000001437,74.40000000001692,North,East
319,True,944.8000000001463,66.20000000001505,West,East
321,True,954.1000000001484,59.90000000001362,South,North
320,True,946.3000000001466,72.80000000001655,East,North
318,False,944.1000000001461,77.00000000001751,North,South
322,True,957.1000000001491,67.000000000015,West,East
325,True,967.7000000001515,59.40000000000987,South,North
323,True,957.3000000001491,74.9000000000076,East,South
326,True,968.5000000001517,66.70000000000232,North,South
324,True,967.5000000001514,70.69999999999982,West,East
329,True,978.800000000154,64.49999999999261,South,East
327,True,972.3000000001525,73.99999999999136,East,West
330,True,980.4000000001544,70.99999999998488,North,West
328,True,978.2000000001539,76.19999999998265,West,East
332,True,989.7000000001565,67.69999999997731,South,North
331,False,983.400000000155,75.99999999997692,East,West
333,True,990.8000000001567,73.6999999999706,North,West
334,True,990.8000000001567,78.79999999996596,West,South
336,True,999.9000000001588,72.69999999996116,South,North
335,True,994.0000000001575,83.69999999995787,East,South
338,False,1001.3000000001591,78.39999999995439,North,South
337,False,1001.1000000001591,80.59999999995262,West,East
342,True,1014.9000000001622,69.79999999994675,South,North
339,True,1011.6000000001615,76.09999999994477,East,West
340,False,1013.1000000001618,76.59999999994261,North,South
341,False,1014.6000000001621,77.09999999994045,West,East
346,False,1025.7000000001626,69.99999999993634,South,West
343,True,1023.3000000001641,75.3999999999321,East,West
344,True,1023.8000000001642,77.89999999992926,North,South
345,False,1024.9000000001633,78.79999999992833,West,East
350,True,1041.4000000001483,65.29999999994061,South,North
347,True,1033.9000000001552,75.79999999993106,East,West
348,False,1035.5000000001537,78.19999999992888,North,East
349,True,1038.8000000001507,79.99999999992724,West,North
354,False,1053.4000000001374,67.3999999999387,South,North
351,True,1044.2000000001458,81.6999999999257,East,South
352,False,1046.8000000001434,81.09999999992624,North,South
353,True,1049.3000000001412,81.59999999992579,West,East
357,True,1064.900000000127,68.99999999993724,South,North
355,False,1055.000000000136,80.89999999992642,East,West
356,False,1058.1000000001332,79.79999999992742,North,South
360,True,1071.2000000001212,71.7999999999347,West,North
361,False,1076.7000000001162,68.29999999993788,South,North
358,True,1065.2000000001267,84.89999999992278,East,North
359,False,1070.2000000001221,81.89999999992551,North,South
363,True,1081.400000000112,75.79999999993106,West,South
365,False,1087.1000000001068,72.09999999993443,South,North
362,False,1079.9000000001133,81.29999999992606,East,West
364,False,1081.8000000001116,81.39999999992597,North,South
368,False,1093.0000000001014,72.19999999993433,West,East
369,False,1097.6000000000972,71.59999999993488,South,West
366,False,1091.300000000103,79.89999999992733,East,West
367,False,1091.9000000001024,81.29999999992606,North,South
372,False,1104.2000000000912,70.99999999993543,West,East
373,True,1108.7000000000871,69.49999999993679,South,North
370,True,1101.9000000000933,81.39999999992597,East,North
371,False,1103.0000000000923,82.29999999992515,North,South
375,False,1114.6000000000818,72.69999999993388,West,East
377,True,1123.9000000000733,66.39999999993961,South,North
376,False,1115.500000000081,76.79999999993015,East,West
374,False,1114.2000000000821,80.09999999992715,North,South
379,False,1125.300000000072,70.99999999993543,West,East
381,True,1134.5000000000637,64.79999999994106,South,North
380,False,1129.3000000000684,73.9999999999327,East,North
378,False,1125.1000000000722,80.19999999992706,North,South
382,False,1136.300000000062,70.99999999993543,West,East
385,True,1144.8000000000543,65.49999999994043,South,North
383,True,1139.8000000000588,75.59999999993124,East,South
384,True,1142.6000000000563,75.79999999993106,North,South
386,False,1150.500000000049,69.89999999993643,West,East
389,False,1155.8000000000443,66.59999999993943,South,North
388,True,1155.8000000000443,71.69999999993479,East,North
387,False,1154.7000000000453,74.79999999993197,North,South
390,True,1160.9000000000397,71.59999999993488,West,East
392,False,1168.0000000000332,68.4999999999377,South,West
393,False,1170.0000000000314,68.4999999999377,East,West
391,True,1165.000000000036,76.49999999993042,North,South
394,True,1171.60000000003,74.99999999993179,West,North
396,True,1178.8000000000234,70.79999999993561,South,North
397,True,1181.300000000021,71.29999999993515,East,West
395,False,1175.800000000026,78.79999999992833,North,South
398,True,1182.3000000000202,77.3999999999296,West,North
400,True,1189.3000000000138,73.39999999993324,South,North
401,True,1191.7000000000116,73.9999999999327,East,West
399,True,1187.000000000016,81.6999999999257,North,South
402,False,1193.2000000000103,77.49999999992951,West,East
404,False,1199.9000000000042,72.79999999993379,South,North
406,True,1205.499999999999,70.19999999993615,East,West
403,True,1199.3000000000047,81.49999999992588,North,East
405,True,1204.1000000000004,81.7999999999256,West,North
408,False,1211.7999999999934,78.09999999992897,South,West
410,True,1215.6999999999898,77.19999999992979,East,West
407,False,1210.1999999999948,86.69999999992115,North,West
409,False,1214.299999999991,84.59999999992306,West,East
412,True,1222.8999999999833,78.99999999992815,South,North
413,True,1225.7999999999806,81.19999999992615,East,North
411,True,1222.6999999999834,87.2999999999206,North,South
414,True,1225.8999999999805,89.19999999991887,West,North
418,False,1239.9999999999677,77.09999999992988,South,North
415,False,1235.9999999999714,83.09999999992442,East,West
416,True,1236.5999999999708,85.49999999992224,North,South
417,False,1236.6999999999707,89.39999999991869,West,North
422,True,1250.1999999999584,78.89999999992824,South,North
421,False,1249.0999999999594,81.99999999992542,East,West
419,False,1247.5999999999608,85.49999999992224,North,South
420,True,1248.0999999999603,87.99999999991996,West,East
425,True,1262.2999999999474,78.89999999992824,South,West
424,True,1259.49999999995,84.69999999992297,East,West
426,True,1268.299999999942,78.89999999992824,North,South
423,False,1258.7999999999506,90.39999999991778,West,East
429,True,1272.8999999999378,81.39999999992597,South,East
427,True,1269.6999999999407,89.69999999991842,East,North
430,False,1279.4999999999318,81.89999999992551,North,South
428,True,1271.0999999999394,93.29999999991514,West,East
433,False,1285.1999999999266,81.19999999992615,South,North
432,False,1282.0999999999294,86.29999999992151,East,West
435,True,1293.499999999919,77.89999999992915,North,South
431,True,1281.6999999999298,94.79999999991378,West,South
437,True,1295.5999999999171,83.8999999999237,South,North
436,False,1293.6999999999189,87.79999999992015,East,West
440,False,1305.1999999999084,78.29999999992879,North,South
434,False,1291.9999999999204,93.49999999991496,West,East
441,False,1313.1999999999011,74.29999999993242,South,North
439,False,1304.2999999999092,85.19999999992251,East,West
444,True,1315.7999999998988,76.69999999993024,North,South
438,False,1303.9999999999095,90.49999999991769,West,East
445,True,1323.7999999998915,75.79999999993106,South,West
443,False,1314.8999999998996,86.69999999992115,East,West
447,False,1326.3999999998891,77.19999999992979,North,South
442,False,1314.0999999999003,91.49999999991678,West,East
451,True,1338.8999999998778,71.7999999999347,South,East
448,True,1330.3999999998855,83.29999999992424,East,West
449,True,1337.3999999998791,79.29999999992788,North,South
446,True,1325.8999999998896,95.89999999991278,West,North
455,False,1352.7999999998651,70.99999999993543,South,North
452,False,1343.3999999998737,84.39999999992324,East,South
454,True,1349.0999999998685,81.6999999999257,North,South
450,True,1337.599999999879,96.1999999999125,West,East
459,True,1364.2999999998547,72.49999999993406,South,North
456,False,1355.4999999998627,85.29999999992242,East,South
458,False,1362.6999999998561,82.09999999992533,North,East
453,True,1348.0999999998694,99.69999999990932,West,East
462,True,1374.3999999998455,76.39999999993051,South,North
460,True,1367.6999999998516,88.19999999991978,East,South
463,True,1375.1999999998447,85.79999999992197,North,West
457,False,1359.2999999998592,103.69999999990569,West,East
466,True,1387.4999999998336,78.4999999999286,South,North
464,False,1378.7999999998415,91.19999999991705,East,South
467,False,1389.9999999998313,81.99999999992542,North,South
461,True,1370.6999999998488,106.39999999990323,West,North
470,True,1398.8999999998232,83.29999999992424,South,East
468,False,1390.199999999831,95.99999999991269,East,North
471,False,1400.299999999822,87.89999999992006,North,South
465,True,1382.0999999998385,109.09999999990077,West,East
474,False,1409.2999999998137,85.89999999992187,South,West
472,True,1400.299999999822,97.89999999991096,East,West
476,True,1417.2999999998065,83.8999999999237,North,South
469,True,1394.9999999998267,111.29999999989877,West,South
478,True,1419.3999999998045,89.89999999991824,South,North
475,False,1412.399999999811,98.89999999991005,East,West
480,False,1427.3999999997973,85.89999999992187,North,South
473,False,1405.8999999998168,109.3999999999005,West,East
481,False,1429.5999999997953,87.69999999992024,South,North
479,True,1424.1999999998002,98.19999999991069,East,South
484,True,1440.2999999997855,85.0999999999226,North,South
477,False,1418.3999999998055,110.99999999989905,West,South
485,True,1440.2999999997855,92.09999999991624,South,North
483,False,1434.299999999791,102.09999999990714,East,North
488,True,1450.5999999997762,90.89999999991733,North,East
482,True,1431.999999999793,112.49999999989768,West,East
489,True,1452.1999999997747,95.29999999991333,South,North
487,True,1446.1999999997802,106.39999999990323,East,South
492,False,1462.2999999997655,92.29999999991605,North,South
486,False,1442.2999999997837,116.29999999989423,West,South
494,True,1464.1999999997638,97.39999999991142,South,North
491,False,1457.0999999997703,108.49999999990132,East,South
496,False,1472.4999999997563,97.09999999991169,North,West
490,False,1452.899999999774,120.69999999989022,West,South
497,True,1474.4999999997544,104.19999999990523,South,East
495,True,1467.8999999997604,113.7999999998965,East,West
500,True,1483.9999999997458,102.7999999999065,North,West
493,True,1463.1999999997647,126.59999999988486,West,East
502,True,1486.999999999743,105.79999999990378,South,North
499,False,1479.29999999975,115.49999999989495,East,West
506,True,1497.8999999997332,99.89999999990914,North,South
498,False,1475.1999999997538,124.59999999988668,West,East
505,True,1497.3999999997336,105.39999999990414,South,North
503,True,1490.8999999997395,114.8999999998955,East,West
509,True,1509.5999999997225,99.19999999990978,North,South
501,True,1485.3999999997445,126.39999999988504,West,East
510,True,1510.6999999997215,104.09999999990532,South,North
507,False,1501.4999999997299,117.29999999989332,East,South
515,False,1526.9999999997067,93.79999999991469,North,South
504,True,1496.1999999997347,127.59999999988395,West,East
512,False,1521.8999999997113,105.89999999990368,South,East
511,False,1513.1999999997192,116.59999999989395,East,West
519,True,1537.2999999996973,95.49999999991314,North,South
508,True,1508.4999999997235,127.29999999988422,West,East
518,False,1536.499999999698,101.29999999990787,South,North
514,False,1525.2999999997082,114.49999999989586,East,West
522,False,1547.3999999996881,94.39999999991414,North,South
513,True,1521.8999999997113,122.89999999988822,West,East
523,True,1547.599999999688,100.19999999990887,South,North
517,False,1536.1999999996983,113.59999999989668,East,West
527,True,1562.999999999674,91.89999999991642,North,West
516,True,1532.099999999702,125.79999999988559,West,East
524,True,1557.7999999996787,103.09999999990623,South,North
521,False,1546.399999999689,116.49999999989404,East,West
531,True,1574.999999999663,92.99999999991542,North,West
520,True,1545.1999999996901,125.79999999988559,West,East
528,True,1568.0999999996693,107.99999999990177,South,West
526,True,1559.9999999996767,119.09999999989168,East,West
535,True,1585.4999999996535,98.69999999991023,North,West
525,False,1558.6999999996779,127.49999999988404,West,East
532,True,1578.29999999966,112.99999999989723,South,East
530,False,1570.699999999667,122.5999999998885,East,West
539,False,1595.7999999996441,99.4999999999095,North,South
529,False,1570.1999999996674,129.09999999988258,West,South
536,False,1588.4999999996508,112.79999999989741,South,North
533,True,1581.1999999996574,125.19999999988613,East,South
543,True,1608.999999999632,102.49999999990678,North,West
534,True,1581.599999999657,132.89999999987913,West,East
540,False,1598.9999999996412,117.49999999989313,South,North
537,True,1592.699999999647,126.79999999988468,East,West
547,True,1619.099999999623,103.39999999990596,North,South
538,False,1592.699999999647,131.79999999988013,West,East
544,False,1610.3999999996308,116.09999999989441,South,North
542,False,1603.699999999637,124.7999999998865,East,West
551,False,1629.1999999996137,101.29999999990787,North,South
541,True,1603.1999999996374,132.39999999987958,West,North
548,False,1621.5999999996206,115.9999999998945,South,North
546,False,1616.5999999996252,122.99999999988813,East,West
554,True,1641.2999999996027,101.29999999990787,North,South
545,True,1613.8999999996277,131.69999999988022,West,East
552,False,1631.8999999996113,115.69999999989477,South,North
550,True,1629.0999999996138,123.59999999988759,East,North
559,False,1658.699999999587,95.99999999991269,North,South
549,False,1624.9999999996176,131.69999999988022,West,East
555,False,1644.4999999995998,116.19999999989432,South,West
557,True,1654.4999999995907,111.29999999989877,East,North
563,True,1669.499999999577,99.29999999990969,North,South
553,False,1637.2999999996064,133.49999999987858,West,East
558,True,1655.0999999995902,118.69999999989204,South,North
562,True,1665.8999999995804,112.99999999989723,East,North
567,False,1679.7999999995677,101.09999999990805,North,South
556,False,1647.9999999995966,134.8999999998773,West,East
561,False,1665.6999999995805,121.19999999988977,South,East
565,False,1676.6999999995705,114.19999999989614,East,South
571,False,1691.3999999995572,103.49999999990587,North,East
560,True,1660.1999999995855,137.69999999987476,West,East
566,True,1678.399999999569,122.49999999988859,South,North
570,False,1689.8999999995585,112.99999999989723,East,West
577,True,1712.399999999538,93.49999999991496,North,South
564,True,1671.699999999575,139.2999999998733,West,South
569,True,1688.9999999995593,124.99999999988631,South,North
574,True,1701.9999999995475,114.99999999989541,East,West
582,True,1723.1999999995282,96.79999999991196,North,South
568,True,1682.799999999565,140.1999999998725,West,East
573,True,1699.4999999995498,126.49999999988495,South,North
578,True,1712.499999999538,116.49999999989404,East,West
585,False,1733.5999999995188,97.39999999991142,North,South
572,False,1695.899999999553,137.0999999998753,West,East
576,True,1711.7999999995386,124.19999999988704,South,North
580,False,1722.5999999995288,115.39999999989504,East,West
589,False,1744.8999999995085,95.0999999999135,North,South
575,False,1708.6999999995414,133.29999999987876,West,East
581,True,1722.5999999995288,122.39999999988868,South,North
584,False,1732.6999999995196,116.29999999989423,East,South
592,False,1756.7999999994977,96.1999999999125,North,West
579,True,1720.6999999995305,135.29999999987695,West,East
586,True,1735.499999999517,123.49999999988768,South,North
587,True,1742.7999999995104,119.19999999989159,East,West
595,False,1768.1999999994873,95.79999999991287,North,South
583,False,1731.4999999995207,134.49999999987767,West,East
590,True,1745.7999999995077,123.19999999988795,South,North
596,False,1769.0999999994865,101.89999999990732,East,West
600,False,1780.4999999994761,94.49999999991405,North,West
588,False,1744.1999999995091,134.7999999998774,West,North
593,False,1758.9999999994957,123.99999999988722,South,West
599,True,1779.9999999994766,108.09999999990168,East,South
604,False,1794.2999999994636,95.79999999991287,North,South
591,True,1754.5999999994997,140.59999999987213,West,North
597,False,1772.4999999994834,124.69999999988659,South,North
603,True,1792.0999999994656,108.09999999990168,East,West
608,False,1806.5999999994524,97.59999999991123,North,West
594,False,1765.3999999994899,142.79999999987012,West,North
601,True,1785.5999999994715,127.69999999988386,South,East
607,False,1806.0999999994528,111.19999999989886,East,North
612,True,1817.3999999994426,104.9999999999045,North,West
598,False,1777.7999999994786,148.59999999986485,West,South
605,True,1797.2999999994609,134.19999999987795,South,West
611,True,1816.899999999443,117.59999999989304,East,West
615,True,1829.099999999432,110.4999999998995,North,East
602,False,1788.8999999994685,152.69999999986112,West,East
609,True,1807.3999999994517,137.19999999987522,South,North
616,False,1829.6999999994314,116.89999999989368,East,West
620,False,1842.5999999994197,105.9999999999036,North,South
606,True,1801.2999999994572,150.2999999998633,West,East
613,False,1821.1999999994391,134.39999999987776,South,West
619,False,1842.29999999942,115.29999999989514,East,West
624,True,1856.2999999994072,104.29999999990514,North,South
610,False,1816.5999999994433,147.9999999998654,West,North
617,True,1834.8999999994267,132.6999999998793,South,North
623,True,1855.7999999994076,116.89999999989368,East,South
629,True,1871.5999999993933,106.19999999990341,North,East
614,False,1827.6999999994332,152.09999999986167,West,East
621,True,1846.3999999994162,136.39999999987594,South,North
627,True,1867.7999999993967,117.99999999989268,East,West
633,False,1882.799999999383,104.9999999999045,North,South
618,False,1838.1999999994237,153.5999999998603,West,South
625,False,1857.499999999406,136.29999999987604,South,North
630,True,1878.2999999993872,120.59999999989031,East,North
636,False,1897.29999999937,105.59999999990396,North,West
622,False,1848.9999999994138,157.8999999998564,West,South
628,True,1869.799999999395,140.09999999987258,South,North
637,True,1897.5999999993696,115.29999999989514,East,West
641,False,1909.399999999359,105.49999999990405,North,South
626,False,1865.4999999993988,151.3999999998623,West,East
632,False,1881.899999999384,136.9999999998754,South,North
640,False,1907.7999999993604,115.09999999989532,East,North
645,False,1922.1999999993473,102.6999999999066,North,South
631,True,1878.599999999387,151.3999999998623,West,South
635,True,1894.6999999993723,138.29999999987422,South,North
643,False,1917.8999999993512,119.09999999989168,East,South
649,False,1933.399999999337,105.59999999990396,North,South
634,True,1889.599999999377,152.3999999998614,West,East
638,False,1905.7999999993622,138.1999999998743,South,North
646,True,1927.999999999342,121.09999999988986,East,North
653,True,1945.2999999993262,106.79999999990287,North,South
639,True,1906.4999999993615,150.69999999986294,West,South
642,True,1916.6999999993523,145.59999999986758,South,West
650,True,1938.4999999993324,128.89999999988277,East,North
656,False,1955.399999999317,115.9999999998945,North,West
644,False,1918.8999999993503,156.49999999985766,West,North
647,False,1928.099999999342,151.2999999998624,South,West
654,True,1949.3999999993225,132.99999999987904,East,West
660,True,1965.9999999993074,119.3999999998914,North,South
648,True,1929.7999999993403,158.59999999985575,West,East
651,False,1939.6999999993313,152.69999999986112,South,West
658,False,1960.2999999993126,134.09999999987804,East,West
664,False,1976.299999999298,120.09999999989077,North,South
652,False,1939.8999999993312,160.49999999985403,West,South
655,False,1951.3999999993207,150.99999999986267,South,North
663,True,1974.2999999992999,131.09999999988077,East,West
668,True,1988.499999999287,121.99999999988904,North,East
657,False,1956.1999999993163,158.29999999985603,West,South
659,True,1961.999999999311,157.59999999985666,South,East
667,True,1986.299999999289,136.29999999987604,East,West
672,False,1999.1999999992772,125.39999999988595,North,South
661,True,1967.0999999993064,160.49999999985403,West,East
662,True,1972.2999999993017,158.29999999985603,South,North
671,True,1996.6999999992795,136.8999999998755,East,West
676,False,2012.3999999992652,125.19999999988613,North,East
665,False,1979.7999999992949,161.79999999985284,West,South
666,True,1982.4999999992924,162.09999999985257,South,North
675,False,2007.6999999992695,138.89999999987367,East,West
680,False,2028.7999999992503,119.79999999989104,North,South
669,False,1990.9999999992847,159.59999999985484,West,East
670,True,1994.1999999992818,159.39999999985503,South,North
678,False,2018.4999999992597,139.0999999998735,East,South
684,False,2040.2999999992398,119.2999999998915,North,South
673,True,2002.4999999992742,162.19999999985248,West,North
674,True,2007.2999999992699,160.39999999985412,South,North
681,False,2030.0999999992491,139.59999999987303,East,West
689,True,2053.6999999992277,118.99999999989177,North,South
677,True,2016.4999999992615,161.2999999998533,West,South
679,False,2020.299999999258,159.49999999985494,South,North
685,False,2040.3999999992398,141.3999999998714,East,West
693,True,2064.499999999218,120.29999999989059,North,South
683,True,2034.8999999992448,154.99999999985903,West,South
682,True,2032.399999999247,162.59999999985212,South,East
688,True,2050.6999999992304,147.29999999986603,East,West
698,True,2080.3999999992034,120.59999999989031,North,South
687,False,2048.699999999232,154.29999999985966,West,East
686,True,2043.8999999992366,164.19999999985066,South,East
692,True,2060.799999999221,150.2999999998633,East,West
700,False,2091.899999999193,121.19999999988977,North,South
691,True,2059.4999999992224,156.59999999985757,West,East
690,False,2055.1999999992263,162.89999999985184,South,North
697,True,2079.1999999992045,143.99999999986903,East,North
704,False,2102.4999999991833,124.69999999988659,North,East
695,False,2069.799999999213,159.39999999985503,West,East
694,True,2066.699999999216,167.59999999984757,South,West
702,False,2092.4999999991924,145.7999999998674,East,South
708,False,2114.3999999991725,125.8999999998855,North,South
699,False,2082.2999999992016,161.99999999985266,West,South
696,True,2078.799999999205,170.59999999984484,South,East
705,True,2104.3999999991815,147.9999999998654,East,West
713,True,2127.099999999161,128.2999999998833,North,South
703,False,2095.19999999919,162.19999999985248,West,East
701,False,2091.999999999193,169.39999999984593,South,West
709,False,2115.3999999991715,149.99999999986358,East,North
717,True,2138.4999999991505,131.99999999987995,North,West
707,False,2106.19999999918,168.29999999984693,West,North
706,False,2105.199999999181,173.29999999984238,South,East
712,False,2126.099999999162,156.39999999985776,East,South
721,True,2148.5999999991413,136.8999999998755,North,South
711,True,2118.7999999991684,171.79999999984375,West,North
710,True,2116.89999999917,176.6999999998393,South,North
716,True,2136.2999999991525,160.2999999998542,East,West
725,False,2159.6999999991313,140.89999999987185,North,West
715,True,2129.4999999991587,174.09999999984166,West,East
714,True,2127.2999999991607,179.29999999983693,South,North
720,True,2147.0999999991427,162.4999999998522,East,West
729,True,2170.3999999991215,142.19999999987067,North,South
719,True,2142.299999999147,173.29999999984238,West,East
718,False,2141.5999999991477,177.9999999998381,South,East
724,False,2157.1999999991335,166.39999999984866,East,North
733,False,2181.6999999991112,143.89999999986912,North,South
723,False,2153.6999999991367,173.89999999984184,West,East
722,False,2151.9999999991383,177.59999999983847,South,North
728,False,2167.799999999124,165.7999999998492,East,North
737,False,2192.3999999991015,145.19999999986794,North,East
727,True,2164.199999999127,176.39999999983957,West,East
726,True,2162.8999999991283,180.69999999983565,South,North
732,True,2179.1999999991135,169.49999999984584,East,South
741,False,2202.799999999092,147.89999999986549,North,South
731,False,2175.6999999991167,176.99999999983902,West,East
730,False,2174.9999999991173,179.69999999983656,South,North
736,False,2191.699999999102,164.99999999984993,East,West
745,True,2217.6999999990785,144.09999999986894,North,East
735,True,2186.7999999991066,177.9999999998381,West,East
734,False,2185.099999999108,183.69999999983293,South,West
740,True,2201.899999999093,169.89999999984548,East,West
749,False,2228.299999999069,145.49999999986767,North,South
739,True,2197.199999999097,179.59999999983665,West,East
738,True,2196.099999999098,185.79999999983102,South,West
744,True,2213.0999999990827,171.79999999984375,East,West
753,True,2238.5999999990595,151.3999999998623,North,West
743,False,2207.7999999990875,184.19999999983247,West,East
742,True,2207.7999999990875,189.29999999982783,South,West
748,True,2225.1999999990717,174.89999999984093,East,West
757,True,2249.2999999990498,155.8999999998582,North,West
747,True,2220.0999999990763,190.199999999827,West,North
746,True,2219.099999999077,194.19999999982338,South,North
752,True,2235.3999999990624,180.89999999983547,East,West
761,True,2260.6999999990394,158.59999999985575,North,South
751,False,2232.0999999990654,189.19999999982792,West,East
750,True,2229.199999999068,195.09999999982256,South,North
756,False,2247.4999999990514,178.79999999983738,East,West
766,False,2271.7999999990293,156.49999999985766,North,South
755,False,2242.199999999056,188.09999999982892,West,East
754,False,2239.299999999059,192.99999999982447,South,North
760,True,2258.699999999041,176.59999999983938,East,West
770,True,2285.499999999017,152.79999999986103,North,South
759,True,2252.8999999990465,190.49999999982674,West,North
758,False,2249.4999999990496,197.89999999982,South,East
764,False,2270.5999999990304,178.79999999983738,East,West
774,False,2296.499999999007,154.89999999985912,North,South
763,False,2265.499999999035,187.8999999998291,West,East
762,True,2260.6999999990394,195.699999999822,South,North
767,True,2281.1999999990207,180.29999999983602,East,South
778,True,2311.899999998993,152.5999999998612,North,South
769,True,2283.6999999990185,183.79999999983283,West,East
765,False,2271.6999999990294,199.79999999981828,South,East
771,True,2293.19999999901,181.2999999998351,East,West
782,False,2323.0999999989826,153.39999999986048,North,South
772,False,2295.099999999008,185.39999999983138,West,South
768,False,2281.79999999902,200.69999999981746,South,North
775,True,2304.099999999,181.39999999983502,East,West
786,False,2335.899999998971,151.59999999986212,North,South
777,True,2305.8999999989983,184.5999999998321,West,East
773,False,2295.4999999990077,198.999999999819,South,West
780,False,2318.8999999989865,177.59999999983847,East,West
790,True,2346.1999999989616,153.29999999986057,North,South
781,False,2318.8999999989865,182.59999999983393,West,East
776,False,2305.6999999989985,197.7999999998201,South,North
785,False,2332.399999998974,173.09999999984257,East,West
794,True,2356.599999998952,151.89999999986185,North,South
784,True,2329.7999999989765,181.69999999983474,West,East
779,False,2318.5999999989867,194.89999999982274,South,North
789,False,2344.499999998963,170.99999999984448,East,West
797,False,2367.699999998942,151.79999999986194,North,West
788,True,2342.499999998965,182.09999999983438,West,North
783,False,2328.8999999989774,197.6999999998202,South,North
791,True,2354.699999998954,174.89999999984093,East,West
801,True,2378.699999998932,155.99999999985812,North,West
792,False,2354.9999999989536,181.69999999983474,West,East
787,True,2339.7999999989675,199.8999999998182,South,North
798,True,2375.399999998935,167.29999999984784,East,West
805,False,2392.19999999892,154.49999999985948,North,East
795,True,2365.9999999989436,183.69999999983293,West,East
793,False,2355.0999999989535,196.5999999998212,South,North
803,True,2389.2999999989224,165.39999999984957,East,West
809,True,2403.4999999989095,156.29999999985785,North,East
799,False,2376.0999999989344,185.6999999998311,West,East
796,False,2366.899999998943,198.8999999998191,South,East
807,True,2400.799999998912,167.9999999998472,East,West
814,True,2420.499999998894,153.39999999986048,North,West
802,True,2386.299999998925,190.59999999982665,West,East
800,True,2378.0999999989326,203.89999999981455,South,East
811,True,2412.2999999989015,174.79999999984102,East,South
818,True,2431.399999998884,160.79999999985375,North,West
806,False,2396.6999999989157,199.49999999981856,West,South
804,False,2391.1999999989207,206.99999999981173,South,North
816,True,2425.09999999889,176.09999999983984,East,West
822,False,2441.8999999988746,163.29999999985148,North,West
810,False,2407.299999998906,199.8999999998182,West,East
808,False,2403.09999999891,206.09999999981255,South,North
820,True,2435.2999999988806,176.8999999998391,East,West
826,False,2453.499999998864,160.69999999985384,North,South
813,True,2417.6999999988966,199.49999999981856,West,East
812,True,2413.5999999989003,208.6999999998102,South,East
824,False,2446.79999999887,177.49999999983856,East,West
830,False,2465.399999998853,160.89999999985366,North,South
817,True,2429.599999998886,199.69999999981837,West,East
815,False,2424.6999999988902,206.5999999998121,South,North
828,True,2460.199999998858,176.19999999983975,East,South
833,False,2478.2999999988415,160.0999999998544,North,South
821,True,2439.8999999988764,203.59999999981483,West,North
819,True,2434.899999998881,211.59999999980755,South,North
832,True,2472.299999998847,177.19999999983884,East,West
837,False,2488.599999998832,162.89999999985184,North,South
825,False,2450.199999998867,205.29999999981328,West,North
823,True,2446.0999999988708,212.39999999980682,South,North
836,False,2484.099999998836,176.39999999983957,East,West
840,True,2501.1999999988207,162.2999999998524,North,South
829,False,2460.4999999988577,204.99999999981355,West,East
827,False,2456.999999998861,212.49999999980673,South,West
842,True,2504.999999998817,169.59999999984575,East,North
844,True,2512.0999999988107,165.49999999984948,North,South
834,False,2481.2999999988388,200.29999999981783,West,North
831,True,2467.1999999988516,217.39999999980228,South,North
846,False,2517.299999998806,169.29999999984602,East,West
847,True,2523.0999999988007,166.49999999984857,North,South
839,False,2500.599999998821,192.99999999982447,West,North
835,True,2481.899999998838,216.79999999980282,South,East
850,True,2532.3999999987923,169.29999999984602,East,West
853,True,2535.999999998789,168.69999999984657,North,South
843,False,2510.799999998812,197.89999999982,West,South
838,True,2492.2999999988288,219.39999999980046,South,North
854,True,2545.3999999987805,169.29999999984602,East,West
857,False,2547.999999998778,168.69999999984657,North,South
848,False,2524.799999998799,195.89999999982183,West,South
841,True,2502.799999998819,220.8999999997991,South,North
859,True,2557.09999999877,169.59999999984575,East,West
860,False,2558.7999999987683,169.89999999984548,North,South
851,True,2535.3999999987896,196.29999999982147,West,East
845,False,2513.09999999881,220.59999999979937,South,North
863,True,2569.2999999987587,167.39999999984775,East,West
864,True,2569.899999998758,169.79999999984557,North,South
855,True,2545.5999999987803,197.09999999982074,West,East
849,True,2525.6999999987984,219.9999999997999,South,North
866,False,2579.4999999987494,170.1999999998452,East,North
867,True,2580.199999998749,172.4999999998431,North,South
861,True,2559.099999998768,198.69999999981928,West,North
852,False,2535.899999998789,223.89999999979636,South,North
870,True,2590.4999999987394,172.2999999998433,East,West
871,False,2591.899999998738,172.89999999984275,North,South
865,True,2570.8999999987573,196.89999999982092,West,East
856,True,2546.1999999987797,224.59999999979573,South,North
874,True,2601.799999998729,171.99999999984357,East,West
875,True,2603.199999998728,175.6999999998402,North,East
868,False,2582.6999999987465,198.19999999981974,West,East
858,True,2556.2999999987705,229.6999999997911,South,West
878,True,2613.099999998719,177.9999999998381,East,South
880,True,2617.599999998715,178.59999999983756,North,East
872,True,2594.6999999987356,204.499999999814,West,East
862,True,2567.89999999876,234.2999999997869,South,North
882,True,2624.6999999987083,180.49999999983584,East,West
884,False,2628.599999998705,178.59999999983756,North,South
876,False,2605.7999999987255,203.399999999815,West,East
869,True,2584.199999998745,227.99999999979264,South,North
886,False,2635.4999999986985,178.69999999983747,East,West
887,True,2639.399999998695,177.7999999998383,North,South
879,True,2616.8999999987154,203.2999999998151,West,East
873,True,2596.299999998734,226.89999999979364,South,North
890,False,2645.999999998689,179.19999999983702,East,West
891,True,2650.299999998685,177.8999999998382,North,South
883,False,2627.6999999987056,202.49999999981583,West,East
877,True,2608.2999999987233,226.99999999979354,South,East
893,False,2657.3999999986786,179.89999999983638,East,West
895,True,2662.8999999986736,179.49999999983675,North,West
888,True,2642.2999999986923,203.09999999981528,West,East
881,False,2621.699999998711,225.69999999979473,South,North
898,True,2668.999999998668,183.4999999998331,East,North
899,True,2674.9999999986626,180.49999999983584,North,South
892,True,2653.599999998682,206.99999999981173,West,North
885,False,2633.4999999987003,229.09999999979163,South,North
901,True,2679.4999999986585,186.09999999983074,East,West
903,True,2685.599999998653,182.99999999983356,North,South
896,True,2665.799999998671,207.89999999981092,West,South
889,True,2644.79999999869,233.99999999978718,South,West
906,True,2690.4999999986485,191.299999999826,East,West
907,True,2698.0999999986416,186.6999999998302,North,South
902,True,2679.5999999986584,208.19999999981064,West,East
894,True,2657.5999999986784,235.299999999786,South,East
909,True,2700.899999998639,194.99999999982265,East,West
911,False,2708.9999999986317,188.8999999998282,North,South
905,False,2689.899999998649,209.999999999809,West,East
897,False,2667.699999998669,236.19999999978518,South,East
914,False,2714.299999998627,193.59999999982392,East,South
915,True,2719.399999998622,193.59999999982392,North,West
910,True,2701.3999999986386,214.59999999980482,West,East
900,True,2678.0999999986598,240.8999999997809,South,North
917,False,2724.4999999986176,196.49999999982128,East,West
919,False,2732.4999999986103,190.49999999982674,North,South
912,False,2711.799999998629,213.1999999998061,West,East
904,False,2688.2999999986505,238.6999999997829,South,North
921,True,2734.899999998608,197.19999999982065,East,North
923,True,2743.8999999986,191.1999999998261,North,South
918,False,2727.8999999986145,209.19999999980973,West,East
908,False,2700.4999999986394,240.59999999978118,South,West
925,False,2750.599999998594,194.4999999998231,East,South
928,True,2760.7999999985846,187.29999999982965,North,South
922,False,2740.699999998603,211.39999999980773,West,South
913,False,2712.2999999986287,243.79999999977827,South,West
929,False,2763.799999998582,196.29999999982147,East,North
931,True,2771.099999998575,191.99999999982538,North,South
926,False,2751.8999999985926,213.1999999998061,West,East
916,True,2722.4999999986194,245.59999999977663,South,North
933,True,2773.8999999985726,199.29999999981874,East,South
937,False,2784.8999999985626,190.29999999982692,North,South
930,False,2768.6999999985774,208.49999999981037,West,East
920,False,2733.2999999986096,245.89999999977636,South,North
936,True,2784.299999998563,197.89999999982,East,West
939,False,2796.0999999985524,188.09999999982892,North,South
934,True,2782.5999999985647,204.59999999981392,West,East
924,False,2743.9999999986,245.199999999777,South,North
941,True,2797.699999998551,194.4999999998231,East,West
943,False,2807.399999998542,188.7999999998283,North,East
938,False,2793.399999998555,206.79999999981192,West,South
927,False,2754.1999999985906,249.99999999977263,South,East
945,True,2808.9999999985407,200.29999999981783,East,North
947,False,2820.1999999985305,191.0999999998262,North,South
942,True,2803.9999999985453,212.39999999980682,West,South
932,True,2772.499999998574,246.89999999977545,South,North
948,False,2823.899999998527,197.49999999982037,East,West
951,False,2833.999999998518,189.39999999982774,North,South
946,False,2817.499999998533,207.89999999981092,West,East
935,False,2782.7999999985645,246.59999999977572,South,East
952,True,2836.299999998516,196.09999999982165,East,West
955,False,2847.199999998506,187.19999999982974,North,South
950,False,2830.499999998521,205.89999999981274,West,East
940,False,2796.8999999985517,241.49999999978036,South,North
956,False,2847.6999999985055,192.69999999982474,East,West
960,False,2860.8999999984935,183.4999999998331,North,East
954,True,2846.4999999985066,200.89999999981728,West,East
944,True,2808.699999998541,243.79999999977827,South,East
958,False,2858.099999998496,196.39999999982138,East,West
965,True,2874.3999999984812,183.09999999983347,North,South
959,False,2858.8999999984953,202.59999999981574,West,South
949,False,2825.5999999985256,237.89999999978363,South,North
962,True,2869.4999999984857,199.09999999981892,East,North
969,True,2884.599999998472,186.99999999982992,North,South
963,True,2870.6999999984846,205.99999999981264,West,North
953,True,2836.5999999985156,243.0999999997789,South,North
966,False,2879.5999999984765,202.0999999998162,East,West
972,True,2897.2999999984604,189.49999999982765,North,West
968,False,2884.399999998472,204.3999999998141,West,East
957,False,2847.8999999985053,242.89999999977908,South,North
970,False,2889.899999998467,202.89999999981546,East,West
976,True,2908.2999999984504,189.59999999982756,North,West
973,False,2898.599999998459,201.29999999981692,West,East
961,True,2861.1999999984932,241.69999999978018,South,North
974,True,2902.4999999984557,205.4999999998131,East,North
981,False,2920.0999999984397,189.8999999998273,North,South
977,False,2908.79999999845,203.1999999998152,West,East
964,False,2871.299999998484,244.69999999977745,South,West
979,True,2916.499999998443,202.49999999981583,East,West
983,True,2930.49999999843,191.49999999982583,North,South
980,True,2919.69999999844,205.29999999981328,West,East
967,False,2881.499999998475,245.49999999977672,South,North
982,False,2926.6999999984337,202.299999999816,East,West
987,True,2940.8999999984208,191.0999999998262,North,South
985,False,2931.599999998429,202.39999999981592,West,East
971,True,2894.299999998463,242.69999999977927,South,North
986,False,2936.7999999984245,204.19999999981428,East,North
991,False,2952.59999999841,190.39999999982683,North,South
989,False,2943.899999998418,203.09999999981528,West,North
975,True,2904.8999999984535,245.09999999977708,South,North
990,True,2947.5999999984147,207.49999999981128,East,South
995,False,2962.699999998401,196.39999999982138,North,West
993,True,2957.299999998406,204.79999999981374,West,East
978,True,2915.6999999984437,249.39999999977317,South,North
994,False,2958.099999998405,208.99999999980992,East,West
999,True,2976.5999999983883,195.5999999998221,North,East
997,True,2967.999999998396,207.19999999981155,West,East
984,False,2931.1999999984296,245.99999999977626,South,North
998,True,2970.099999998394,212.199999999807,East,South
988,False,2943.4999999984184,240.799999999781,South,North
992,True,2955.1999999984077,232.0999999997889,South,North
996,False,2966.2999999983977,222.99999999979718,South,North
